MatchName,Last Name,First Name,Nickname,Middle,combination3,combination2,combination1,combination0,combination_all,combination_23,combination_01
"Marqusee, Susan",marqusee,susan,susan,nmi,marqusee susan; susan marqusee,,s marqusee; marqusee s,,s marqusee; marqusee smarqusee susan; susan marqusee,marqusee susan; susan marqusee,s marqusee; marqusee s
"Reiter, Jeremy",reiter,jeremy,jeremy,f,jeremy f reiter; reiter f jeremy; reiter jeremy f; jeremy f reiter; reiter f jeremy; reiter j f,reiter jeremy; jeremy reiter,reiter j f,j reiter; reiter j,j reiter; reiter jreiter j freiter jeremy; jeremy reiterjeremy f reiter; reiter f jeremy; reiter jeremy f; jeremy f reiter; reiter f jeremy; reiter j f,reiter jeremy; jeremy reiterjeremy f reiter; reiter f jeremy; reiter jeremy f; jeremy f reiter; reiter f jeremy; reiter j f,j reiter; reiter jreiter j f
"Clarke, Mike",clarke,michael,mike,f,michael f clarke; clarke f michael; clarke michael f; michael f clarke; clarke f michael; clarke m f,clarke michael; michael clarke; mike clarke; clarke mike,clarke m f,m clarke; clarke m,m clarke; clarke mclarke m fclarke michael; michael clarke; mike clarke; clarke mikemichael f clarke; clarke f michael; clarke michael f; michael f clarke; clarke f michael; clarke m f,clarke michael; michael clarke; mike clarke; clarke mikemichael f clarke; clarke f michael; clarke michael f; michael f clarke; clarke f michael; clarke m f,m clarke; clarke mclarke m f
"Listgarten, Jenn",listgarten,jennifer,jenn,nmi,listgarten jennifer; jennifer listgarten; jenn listgarten; listgarten jenn,,j listgarten; listgarten j,,j listgarten; listgarten jlistgarten jennifer; jennifer listgarten; jenn listgarten; listgarten jenn,listgarten jennifer; jennifer listgarten; jenn listgarten; listgarten jenn,j listgarten; listgarten j
"Chou, Seemay",chou,seemay,seemay,nmi,chou seemay; seemay chou,,s chou; chou s,,s chou; chou schou seemay; seemay chou,chou seemay; seemay chou,s chou; chou s
"Spitzer, Matt",spitzer,matthew,matt,h,matthew h spitzer; spitzer h matthew; spitzer matthew h; matthew h spitzer; spitzer h matthew; spitzer m h,spitzer matthew; matthew spitzer; matt spitzer; spitzer matt,spitzer m h,m spitzer; spitzer m,m spitzer; spitzer mspitzer m hspitzer matthew; matthew spitzer; matt spitzer; spitzer mattmatthew h spitzer; spitzer h matthew; spitzer matthew h; matthew h spitzer; spitzer h matthew; spitzer m h,spitzer matthew; matthew spitzer; matt spitzer; spitzer mattmatthew h spitzer; spitzer h matthew; spitzer matthew h; matthew h spitzer; spitzer h matthew; spitzer m h,m spitzer; spitzer mspitzer m h
"Buchwalter, Abby",buchwalter,abigail,abby,l,abigail l buchwalter; buchwalter l abigail; buchwalter abigail l; abigail l buchwalter; buchwalter l abigail; buchwalter a l,buchwalter abigail; abigail buchwalter; abby buchwalter; buchwalter abby,buchwalter a l,a buchwalter; buchwalter a,a buchwalter; buchwalter abuchwalter a lbuchwalter abigail; abigail buchwalter; abby buchwalter; buchwalter abbyabigail l buchwalter; buchwalter l abigail; buchwalter abigail l; abigail l buchwalter; buchwalter l abigail; buchwalter a l,buchwalter abigail; abigail buchwalter; abby buchwalter; buchwalter abbyabigail l buchwalter; buchwalter l abigail; buchwalter abigail l; abigail l buchwalter; buchwalter l abigail; buchwalter a l,a buchwalter; buchwalter abuchwalter a l
"Bateup, Helen",bateup,helen,helen,s,helen s bateup; bateup s helen; bateup helen s; helen s bateup; bateup s helen; bateup h s,bateup helen; helen bateup,bateup h s,h bateup; bateup h,h bateup; bateup hbateup h sbateup helen; helen bateuphelen s bateup; bateup s helen; bateup helen s; helen s bateup; bateup s helen; bateup h s,bateup helen; helen bateuphelen s bateup; bateup s helen; bateup helen s; helen s bateup; bateup s helen; bateup h s,h bateup; bateup hbateup h s
"Hockemeyer, Dirk",hockemeyer,dirk,dirk,nmi,hockemeyer dirk; dirk hockemeyer,,d hockemeyer; hockemeyer d,,d hockemeyer; hockemeyer dhockemeyer dirk; dirk hockemeyer,hockemeyer dirk; dirk hockemeyer,d hockemeyer; hockemeyer d
"Olzmann, James",olzmann,james,james,a,james a olzmann; olzmann a james; olzmann james a; james a olzmann; olzmann a james; olzmann j a,olzmann james; james olzmann,olzmann j a,j olzmann; olzmann j,j olzmann; olzmann jolzmann j aolzmann james; james olzmannjames a olzmann; olzmann a james; olzmann james a; james a olzmann; olzmann a james; olzmann j a,olzmann james; james olzmannjames a olzmann; olzmann a james; olzmann james a; james a olzmann; olzmann a james; olzmann j a,j olzmann; olzmann jolzmann j a
"Sello, Jason",sello,jason,jason,k,jason k sello; sello k jason; sello jason k; jason k sello; sello k jason; sello j k,sello jason; jason sello,sello j k,j sello; sello j,j sello; sello jsello j ksello jason; jason sellojason k sello; sello k jason; sello jason k; jason k sello; sello k jason; sello j k,sello jason; jason sellojason k sello; sello k jason; sello jason k; jason k sello; sello k jason; sello j k,j sello; sello jsello j k
"Gawad, Chuck",gawad,charles,chuck,nmi,gawad charles; charles gawad; chuck gawad; gawad chuck,,c gawad; gawad c,,c gawad; gawad cgawad charles; charles gawad; chuck gawad; gawad chuck,gawad charles; charles gawad; chuck gawad; gawad chuck,c gawad; gawad c
"Konermann, Silvana",konermann,silvana,silvana,maria,silvana m konermann; konermann m silvana; konermann silvana m; silvana maria konermann; konermann maria silvana; konermann s maria,konermann silvana; silvana konermann,konermann s m,s konermann; konermann s,s konermann; konermann skonermann s mkonermann silvana; silvana konermannsilvana m konermann; konermann m silvana; konermann silvana m; silvana maria konermann; konermann maria silvana; konermann s maria,konermann silvana; silvana konermannsilvana m konermann; konermann m silvana; konermann silvana m; silvana maria konermann; konermann maria silvana; konermann s maria,s konermann; konermann skonermann s m
"Booth, David",booth,david,david,s,david s booth; booth s david; booth david s; david s booth; booth s david; booth d s,booth david; david booth,booth d s,d booth; booth d,d booth; booth dbooth d sbooth david; david boothdavid s booth; booth s david; booth david s; david s booth; booth s david; booth d s,booth david; david boothdavid s booth; booth s david; booth david s; david s booth; booth s david; booth d s,d booth; booth dbooth d s
"Goldberg, Emily",goldberg,emily,emily,l,emily l goldberg; goldberg l emily; goldberg emily l; emily l goldberg; goldberg l emily; goldberg e l,goldberg emily; emily goldberg,goldberg e l,e goldberg; goldberg e,e goldberg; goldberg egoldberg e lgoldberg emily; emily goldbergemily l goldberg; goldberg l emily; goldberg emily l; emily l goldberg; goldberg l emily; goldberg e l,goldberg emily; emily goldbergemily l goldberg; goldberg l emily; goldberg emily l; emily l goldberg; goldberg l emily; goldberg e l,e goldberg; goldberg egoldberg e l
"Dumont, Sophie",dumont,sophie,sophie,nmi,dumont sophie; sophie dumont,,s dumont; dumont s,,s dumont; dumont sdumont sophie; sophie dumont,dumont sophie; sophie dumont,s dumont; dumont s
"Williams, Allison",williams,allison,allison,h,allison h williams; williams h allison; williams allison h; allison h williams; williams h allison; williams a h,williams allison; allison williams,williams a h,a williams; williams a,a williams; williams awilliams a hwilliams allison; allison williamsallison h williams; williams h allison; williams allison h; allison h williams; williams h allison; williams a h,williams allison; allison williamsallison h williams; williams h allison; williams allison h; allison h williams; williams h allison; williams a h,a williams; williams awilliams a h
"Sanulli, Serena",sanulli,serena,serena,nmi,sanulli serena; serena sanulli,,s sanulli; sanulli s,,s sanulli; sanulli ssanulli serena; serena sanulli,sanulli serena; serena sanulli,s sanulli; sanulli s
"Jerby-Arnon, Livnat",jerby,livnat,livnat,nmi,jerby livnat; livnat jerby,,l jerby; jerby l,,l jerby; jerby ljerby livnat; livnat jerby,jerby livnat; livnat jerby,l jerby; jerby l
"Jerby-Arnon, Livnat",jerby-arnon,livnat,livnat,nmi,jerby-arnon livnat; livnat jerby-arnon,,l jerby-arnon; jerby-arnon l,,l jerby-arnon; jerby-arnon ljerby-arnon livnat; livnat jerby-arnon,jerby-arnon livnat; livnat jerby-arnon,l jerby-arnon; jerby-arnon l
"Harwell, Corey",harwell,corey,corey,c,corey c harwell; harwell c corey; harwell corey c; corey c harwell; harwell c corey; harwell c c,harwell corey; corey harwell,harwell c c,c harwell; harwell c,c harwell; harwell charwell c charwell corey; corey harwellcorey c harwell; harwell c corey; harwell corey c; corey c harwell; harwell c corey; harwell c c,harwell corey; corey harwellcorey c harwell; harwell c corey; harwell corey c; corey c harwell; harwell c corey; harwell c c,c harwell; harwell charwell c c
"Hsiang, Michelle",hsiang,michelle,michelle,s,michelle s hsiang; hsiang s michelle; hsiang michelle s; michelle s hsiang; hsiang s michelle; hsiang m s,hsiang michelle; michelle hsiang,hsiang m s,m hsiang; hsiang m,m hsiang; hsiang mhsiang m shsiang michelle; michelle hsiangmichelle s hsiang; hsiang s michelle; hsiang michelle s; michelle s hsiang; hsiang s michelle; hsiang m s,hsiang michelle; michelle hsiangmichelle s hsiang; hsiang s michelle; hsiang michelle s; michelle s hsiang; hsiang s michelle; hsiang m s,m hsiang; hsiang mhsiang m s
"Barnes, Christopher",barnes,christopher,christopher,o,christopher o barnes; barnes o christopher; barnes christopher o; christopher o barnes; barnes o christopher; barnes c o,barnes christopher; christopher barnes,barnes c o,c barnes; barnes c,c barnes; barnes cbarnes c obarnes christopher; christopher barneschristopher o barnes; barnes o christopher; barnes christopher o; christopher o barnes; barnes o christopher; barnes c o,barnes christopher; christopher barneschristopher o barnes; barnes o christopher; barnes christopher o; christopher o barnes; barnes o christopher; barnes c o,c barnes; barnes cbarnes c o
"Brophy, Jenn",brophy,jennifer,jenn,a n,jennifer a brophy; brophy a jennifer; brophy jennifer a; jennifer a n brophy; brophy a n jennifer; brophy j a n,brophy jennifer; jennifer brophy; jenn brophy; brophy jenn,brophy j a,j brophy; brophy j,j brophy; brophy jbrophy j abrophy jennifer; jennifer brophy; jenn brophy; brophy jennjennifer a brophy; brophy a jennifer; brophy jennifer a; jennifer a n brophy; brophy a n jennifer; brophy j a n,brophy jennifer; jennifer brophy; jenn brophy; brophy jennjennifer a brophy; brophy a jennifer; brophy jennifer a; jennifer a n brophy; brophy a n jennifer; brophy j a n,j brophy; brophy jbrophy j a
"Sattely, Beth",sattely,elizabeth,beth,s,elizabeth s sattely; sattely s elizabeth; sattely elizabeth s; elizabeth s sattely; sattely s elizabeth; sattely e s,sattely elizabeth; elizabeth sattely; beth sattely; sattely beth,sattely e s,e sattely; sattely e,e sattely; sattely esattely e ssattely elizabeth; elizabeth sattely; beth sattely; sattely bethelizabeth s sattely; sattely s elizabeth; sattely elizabeth s; elizabeth s sattely; sattely s elizabeth; sattely e s,sattely elizabeth; elizabeth sattely; beth sattely; sattely bethelizabeth s sattely; sattely s elizabeth; sattely elizabeth s; elizabeth s sattely; sattely s elizabeth; sattely e s,e sattely; sattely esattely e s
"Abate, Adam",abate,adam,adam,r,adam r abate; abate r adam; abate adam r; adam r abate; abate r adam; abate a r,abate adam; adam abate,abate a r,a abate; abate a,a abate; abate aabate a rabate adam; adam abateadam r abate; abate r adam; abate adam r; adam r abate; abate r adam; abate a r,abate adam; adam abateadam r abate; abate r adam; abate adam r; adam r abate; abate r adam; abate a r,a abate; abate aabate a r
"Banfield, Jill",banfield,jillian,jill,f,jillian f banfield; banfield f jillian; banfield jillian f; jillian f banfield; banfield f jillian; banfield j f,banfield jillian; jillian banfield; jill banfield; banfield jill,banfield j f,j banfield; banfield j,j banfield; banfield jbanfield j fbanfield jillian; jillian banfield; jill banfield; banfield jilljillian f banfield; banfield f jillian; banfield jillian f; jillian f banfield; banfield f jillian; banfield j f,banfield jillian; jillian banfield; jill banfield; banfield jilljillian f banfield; banfield f jillian; banfield jillian f; jillian f banfield; banfield f jillian; banfield j f,j banfield; banfield jbanfield j f
"Blish, Catherine",blish,catherine,catherine,a,catherine a blish; blish a catherine; blish catherine a; catherine a blish; blish a catherine; blish c a,blish catherine; catherine blish,blish c a,c blish; blish c,c blish; blish cblish c ablish catherine; catherine blishcatherine a blish; blish a catherine; blish catherine a; catherine a blish; blish a catherine; blish c a,blish catherine; catherine blishcatherine a blish; blish a catherine; blish catherine a; catherine a blish; blish a catherine; blish c a,c blish; blish cblish c a
"Bustamante, Carlos",bustamante,carlos,carlos,daniel,carlos d bustamante; bustamante d carlos; bustamante carlos d; carlos daniel bustamante; bustamante daniel carlos; bustamante c daniel,bustamante carlos; carlos bustamante,bustamante c d,c bustamante; bustamante c,c bustamante; bustamante cbustamante c dbustamante carlos; carlos bustamantecarlos d bustamante; bustamante d carlos; bustamante carlos d; carlos daniel bustamante; bustamante daniel carlos; bustamante c daniel,bustamante carlos; carlos bustamantecarlos d bustamante; bustamante d carlos; bustamante carlos d; carlos daniel bustamante; bustamante daniel carlos; bustamante c daniel,c bustamante; bustamante cbustamante c d
"de la Zerda, Adam",de la zerda,adam,adam,nmi,de la zerda adam; adam de la zerda,,a de la zerda; de la zerda a,,a de la zerda; de la zerda ade la zerda adam; adam de la zerda,de la zerda adam; adam de la zerda,a de la zerda; de la zerda a
"El-Samad, Hana",el-samad,hana,hana,j,hana j el-samad; el-samad j hana; el-samad hana j; hana j el-samad; el-samad j hana; el-samad h j,el-samad hana; hana el-samad,el-samad h j,h el-samad; el-samad h,h el-samad; el-samad hel-samad h jel-samad hana; hana el-samadhana j el-samad; el-samad j hana; el-samad hana j; hana j el-samad; el-samad j hana; el-samad h j,el-samad hana; hana el-samadhana j el-samad; el-samad j hana; el-samad hana j; hana j el-samad; el-samad j hana; el-samad h j,h el-samad; el-samad hel-samad h j
"Fletcher, Dan",fletcher,daniel,dan,a,daniel a fletcher; fletcher a daniel; fletcher daniel a; daniel a fletcher; fletcher a daniel; fletcher d a,fletcher daniel; daniel fletcher; dan fletcher; fletcher dan,fletcher d a,d fletcher; fletcher d,d fletcher; fletcher dfletcher d afletcher daniel; daniel fletcher; dan fletcher; fletcher dandaniel a fletcher; fletcher a daniel; fletcher daniel a; daniel a fletcher; fletcher a daniel; fletcher d a,fletcher daniel; daniel fletcher; dan fletcher; fletcher dandaniel a fletcher; fletcher a daniel; fletcher daniel a; daniel a fletcher; fletcher a daniel; fletcher d a,d fletcher; fletcher dfletcher d a
"Fordyce, Polly",fordyce,polly,polly,morrell,polly m fordyce; fordyce m polly; fordyce polly m; polly morrell fordyce; fordyce morrell polly; fordyce p morrell,fordyce polly; polly fordyce,fordyce p m,p fordyce; fordyce p,p fordyce; fordyce pfordyce p mfordyce polly; polly fordycepolly m fordyce; fordyce m polly; fordyce polly m; polly morrell fordyce; fordyce morrell polly; fordyce p morrell,fordyce polly; polly fordycepolly m fordyce; fordyce m polly; fordyce polly m; polly morrell fordyce; fordyce morrell polly; fordyce p morrell,p fordyce; fordyce pfordyce p m
"Frost, Adam",frost,adam,adam,nmi,frost adam; adam frost,,a frost; frost a,,a frost; frost afrost adam; adam frost,frost adam; adam frost,a frost; frost a
"Frydman, Judith",frydman,judith,judith,nmi,frydman judith; judith frydman,,j frydman; frydman j,,j frydman; frydman jfrydman judith; judith frydman,frydman judith; judith frydman,j frydman; frydman j
"Gartner, Zev",gartner,zev,zev,jordan,zev j gartner; gartner j zev; gartner zev j; zev jordan gartner; gartner jordan zev; gartner z jordan,gartner zev; zev gartner,gartner z j,z gartner; gartner z,z gartner; gartner zgartner z jgartner zev; zev gartnerzev j gartner; gartner j zev; gartner zev j; zev jordan gartner; gartner jordan zev; gartner z jordan,gartner zev; zev gartnerzev j gartner; gartner j zev; gartner zev j; zev jordan gartner; gartner jordan zev; gartner z jordan,z gartner; gartner zgartner z j
"Greenhouse, Bryan",greenhouse,bryan,bryan,r,bryan r greenhouse; greenhouse r bryan; greenhouse bryan r; bryan r greenhouse; greenhouse r bryan; greenhouse b r,greenhouse bryan; bryan greenhouse,greenhouse b r,b greenhouse; greenhouse b,b greenhouse; greenhouse bgreenhouse b rgreenhouse bryan; bryan greenhousebryan r greenhouse; greenhouse r bryan; greenhouse bryan r; bryan r greenhouse; greenhouse r bryan; greenhouse b r,greenhouse bryan; bryan greenhousebryan r greenhouse; greenhouse r bryan; greenhouse bryan r; bryan r greenhouse; greenhouse r bryan; greenhouse b r,b greenhouse; greenhouse bgreenhouse b r
"Greenleaf, Will",greenleaf,william,will,james,william j greenleaf; greenleaf j william; greenleaf william j; william james greenleaf; greenleaf james william; greenleaf w james,greenleaf william; william greenleaf; will greenleaf; greenleaf will,greenleaf w j,w greenleaf; greenleaf w,w greenleaf; greenleaf wgreenleaf w jgreenleaf william; william greenleaf; will greenleaf; greenleaf willwilliam j greenleaf; greenleaf j william; greenleaf william j; william james greenleaf; greenleaf james william; greenleaf w james,greenleaf william; william greenleaf; will greenleaf; greenleaf willwilliam j greenleaf; greenleaf j william; greenleaf william j; william james greenleaf; greenleaf james william; greenleaf w james,w greenleaf; greenleaf wgreenleaf w j
"Gunaydin, Lisa",gunaydin,lisa,lisa,a,lisa a gunaydin; gunaydin a lisa; gunaydin lisa a; lisa a gunaydin; gunaydin a lisa; gunaydin l a,gunaydin lisa; lisa gunaydin,gunaydin l a,l gunaydin; gunaydin l,l gunaydin; gunaydin lgunaydin l agunaydin lisa; lisa gunaydinlisa a gunaydin; gunaydin a lisa; gunaydin lisa a; lisa a gunaydin; gunaydin a lisa; gunaydin l a,gunaydin lisa; lisa gunaydinlisa a gunaydin; gunaydin a lisa; gunaydin lisa a; lisa a gunaydin; gunaydin a lisa; gunaydin l a,l gunaydin; gunaydin lgunaydin l a
"Herr, Amy",herr,amy,amy,e,amy e herr; herr e amy; herr amy e; amy e herr; herr e amy; herr a e,herr amy; amy herr,herr a e,a herr; herr a,a herr; herr aherr a eherr amy; amy herramy e herr; herr e amy; herr amy e; amy e herr; herr e amy; herr a e,herr amy; amy herramy e herr; herr e amy; herr amy e; amy e herr; herr e amy; herr a e,a herr; herr aherr a e
"Huang, Bo",huang,bo,bo,nmi,huang bo; bo huang,,b huang; huang b,,b huang; huang bhuang bo; bo huang,huang bo; bo huang,b huang; huang b
"Kampmann, Martin",kampmann,martin,martin,nmi,kampmann martin; martin kampmann,,m kampmann; kampmann m,,m kampmann; kampmann mkampmann martin; martin kampmann,kampmann martin; martin kampmann,m kampmann; kampmann m
"Kobilka, Brian",kobilka,brian,brian,k,brian k kobilka; kobilka k brian; kobilka brian k; brian k kobilka; kobilka k brian; kobilka b k,kobilka brian; brian kobilka,kobilka b k,b kobilka; kobilka b,b kobilka; kobilka bkobilka b kkobilka brian; brian kobilkabrian k kobilka; kobilka k brian; kobilka brian k; brian k kobilka; kobilka k brian; kobilka b k,kobilka brian; brian kobilkabrian k kobilka; kobilka k brian; kobilka brian k; brian k kobilka; kobilka k brian; kobilka b k,b kobilka; kobilka bkobilka b k
"Kortemme, Tanja",kortemme,tanja,tanja,nmi,kortemme tanja; tanja kortemme,,t kortemme; kortemme t,,t kortemme; kortemme tkortemme tanja; tanja kortemme,kortemme tanja; tanja kortemme,t kortemme; kortemme t
"Landry, Markita",landry,markita,markita,patricia,markita p landry; landry p markita; landry markita p; markita patricia landry; landry patricia markita; landry m patricia,landry markita; markita landry,landry m p,m landry; landry m,m landry; landry mlandry m plandry markita; markita landrymarkita p landry; landry p markita; landry markita p; markita patricia landry; landry patricia markita; landry m patricia,landry markita; markita landrymarkita p landry; landry p markita; landry markita p; markita patricia landry; landry patricia markita; landry m patricia,m landry; landry mlandry m p
"Leskovec, Jure",leskovec,jure,jure,nmi,leskovec jure; jure leskovec,,j leskovec; leskovec j,,j leskovec; leskovec jleskovec jure; jure leskovec,leskovec jure; jure leskovec,j leskovec; leskovec j
"Madhani, Hiten",madhani,hiten,hiten,d,hiten d madhani; madhani d hiten; madhani hiten d; hiten d madhani; madhani d hiten; madhani h d,madhani hiten; hiten madhani,madhani h d,h madhani; madhani h,h madhani; madhani hmadhani h dmadhani hiten; hiten madhanihiten d madhani; madhani d hiten; madhani hiten d; hiten d madhani; madhani d hiten; madhani h d,madhani hiten; hiten madhanihiten d madhani; madhani d hiten; madhani hiten d; hiten d madhani; madhani d hiten; madhani h d,h madhani; madhani hmadhani h d
"Maharbiz, Michel",maharbiz,michel,michel,m,michel m maharbiz; maharbiz m michel; maharbiz michel m; michel m maharbiz; maharbiz m michel; maharbiz m m,maharbiz michel; michel maharbiz,maharbiz m m,m maharbiz; maharbiz m,m maharbiz; maharbiz mmaharbiz m mmaharbiz michel; michel maharbizmichel m maharbiz; maharbiz m michel; maharbiz michel m; michel m maharbiz; maharbiz m michel; maharbiz m m,maharbiz michel; michel maharbizmichel m maharbiz; maharbiz m michel; maharbiz michel m; michel m maharbiz; maharbiz m michel; maharbiz m m,m maharbiz; maharbiz mmaharbiz m m
"Marson, Alex",marson,alexander,alex,nmi,marson alexander; alexander marson; alex marson; marson alex,,a marson; marson a,,a marson; marson amarson alexander; alexander marson; alex marson; marson alex,marson alexander; alexander marson; alex marson; marson alex,a marson; marson a
"Muller, Rikky",muller,rikky,rikky,nmi,muller rikky; rikky muller,,r muller; muller r,,r muller; muller rmuller rikky; rikky muller,muller rikky; rikky muller,r muller; muller r
"Pollard, Katie",pollard,katherine,katie,s,katherine s pollard; pollard s katherine; pollard katherine s; katherine s pollard; pollard s katherine; pollard k s,pollard katherine; katherine pollard; katie pollard; pollard katie,pollard k s,k pollard; pollard k,k pollard; pollard kpollard k spollard katherine; katherine pollard; katie pollard; pollard katiekatherine s pollard; pollard s katherine; pollard katherine s; katherine s pollard; pollard s katherine; pollard k s,pollard katherine; katherine pollard; katie pollard; pollard katiekatherine s pollard; pollard s katherine; pollard katherine s; katherine s pollard; pollard s katherine; pollard k s,k pollard; pollard kpollard k s
"Poon, Ada",poon,ada,ada,s y,ada s poon; poon s ada; poon ada s; ada s y poon; poon s y ada; poon a s y,poon ada; ada poon,poon a s,a poon; poon a,a poon; poon apoon a spoon ada; ada poonada s poon; poon s ada; poon ada s; ada s y poon; poon s y ada; poon a s y,poon ada; ada poonada s poon; poon s ada; poon ada s; ada s y poon; poon s y ada; poon a s y,a poon; poon apoon a s
"Porteus, Matt",porteus,matthew,matt,hebden,matthew h porteus; porteus h matthew; porteus matthew h; matthew hebden porteus; porteus hebden matthew; porteus m hebden,porteus matthew; matthew porteus; matt porteus; porteus matt,porteus m h,m porteus; porteus m,m porteus; porteus mporteus m hporteus matthew; matthew porteus; matt porteus; porteus mattmatthew h porteus; porteus h matthew; porteus matthew h; matthew hebden porteus; porteus hebden matthew; porteus m hebden,porteus matthew; matthew porteus; matt porteus; porteus mattmatthew h porteus; porteus h matthew; porteus matthew h; matthew hebden porteus; porteus hebden matthew; porteus m hebden,m porteus; porteus mporteus m h
"Prakash, Manu",prakash,manu,manu,nmi,prakash manu; manu prakash,,m prakash; prakash m,,m prakash; prakash mprakash manu; manu prakash,prakash manu; manu prakash,m prakash; prakash m
"Rosenberg, Oren",rosenberg,oren,oren,s,oren s rosenberg; rosenberg s oren; rosenberg oren s; oren s rosenberg; rosenberg s oren; rosenberg o s,rosenberg oren; oren rosenberg,rosenberg o s,o rosenberg; rosenberg o,o rosenberg; rosenberg orosenberg o srosenberg oren; oren rosenbergoren s rosenberg; rosenberg s oren; rosenberg oren s; oren s rosenberg; rosenberg s oren; rosenberg o s,rosenberg oren; oren rosenbergoren s rosenberg; rosenberg s oren; rosenberg oren s; oren s rosenberg; rosenberg s oren; rosenberg o s,o rosenberg; rosenberg orosenberg o s
"Roybal, Kole",roybal,kole,kole,t,kole t roybal; roybal t kole; roybal kole t; kole t roybal; roybal t kole; roybal k t,roybal kole; kole roybal,roybal k t,k roybal; roybal k,k roybal; roybal kroybal k troybal kole; kole roybalkole t roybal; roybal t kole; roybal kole t; kole t roybal; roybal t kole; roybal k t,roybal kole; kole roybalkole t roybal; roybal t kole; roybal kole t; kole t roybal; roybal t kole; roybal k t,k roybal; roybal kroybal k t
"Seed, Kim",seed,kimberley,kim,d,kimberley d seed; seed d kimberley; seed kimberley d; kimberley d seed; seed d kimberley; seed k d,seed kimberley; kimberley seed; kim seed; seed kim,seed k d,k seed; seed k,k seed; seed kseed k dseed kimberley; kimberley seed; kim seed; seed kimkimberley d seed; seed d kimberley; seed kimberley d; kimberley d seed; seed d kimberley; seed k d,seed kimberley; kimberley seed; kim seed; seed kimkimberley d seed; seed d kimberley; seed kimberley d; kimberley d seed; seed d kimberley; seed k d,k seed; seed kseed k d
"Shapiro, Lucy",shapiro,lucy,lucy,nmi,shapiro lucy; lucy shapiro,,l shapiro; shapiro l,,l shapiro; shapiro lshapiro lucy; lucy shapiro,shapiro lucy; lucy shapiro,l shapiro; shapiro l
"Smolke, Christina",smolke,christina,christina,d,christina d smolke; smolke d christina; smolke christina d; christina d smolke; smolke d christina; smolke c d,smolke christina; christina smolke,smolke c d,c smolke; smolke c,c smolke; smolke csmolke c dsmolke christina; christina smolkechristina d smolke; smolke d christina; smolke christina d; christina d smolke; smolke d christina; smolke c d,smolke christina; christina smolkechristina d smolke; smolke d christina; smolke christina d; christina d smolke; smolke d christina; smolke c d,c smolke; smolke csmolke c d
"Soh, Tom",soh,hyongsok,tom,tom,hyongsok t soh; soh t hyongsok; soh hyongsok t; hyongsok tom soh; soh tom hyongsok; soh h tom,soh hyongsok; hyongsok soh; tom soh; soh tom,soh h t,h soh; soh h,h soh; soh hsoh h tsoh hyongsok; hyongsok soh; tom soh; soh tomhyongsok t soh; soh t hyongsok; soh hyongsok t; hyongsok tom soh; soh tom hyongsok; soh h tom,soh hyongsok; hyongsok soh; tom soh; soh tomhyongsok t soh; soh t hyongsok; soh hyongsok t; hyongsok tom soh; soh tom hyongsok; soh h tom,h soh; soh hsoh h t
"Song, Yun",song,yun,yun,s,yun s song; song s yun; song yun s; yun s song; song s yun; song y s,song yun; yun song,song y s,y song; song y,y song; song ysong y ssong yun; yun songyun s song; song s yun; song yun s; yun s song; song s yun; song y s,song yun; yun songyun s song; song s yun; song yun s; yun s song; song s yun; song y s,y song; song ysong y s
"Streets, Aaron",streets,aaron,aaron,m,aaron m streets; streets m aaron; streets aaron m; aaron m streets; streets m aaron; streets a m,streets aaron; aaron streets,streets a m,a streets; streets a,a streets; streets astreets a mstreets aaron; aaron streetsaaron m streets; streets m aaron; streets aaron m; aaron m streets; streets m aaron; streets a m,streets aaron; aaron streetsaaron m streets; streets m aaron; streets aaron m; aaron m streets; streets m aaron; streets a m,a streets; streets astreets a m
"Ting, Alice",ting,alice,alice,y,alice y ting; ting y alice; ting alice y; alice y ting; ting y alice; ting a y,ting alice; alice ting,ting a y,a ting; ting a,a ting; ting ating a yting alice; alice tingalice y ting; ting y alice; ting alice y; alice y ting; ting y alice; ting a y,ting alice; alice tingalice y ting; ting y alice; ting alice y; alice y ting; ting y alice; ting a y,a ting; ting ating a y
"Waller, Laura",waller,laura,laura,nmi,waller laura; laura waller,,l waller; waller l,,l waller; waller lwaller laura; laura waller,waller laura; laura waller,l waller; waller l
"Wang, Taia",wang,taia,taia,t,taia t wang; wang t taia; wang taia t; taia t wang; wang t taia; wang t t,wang taia; taia wang,wang t t,t wang; wang t,t wang; wang twang t twang taia; taia wangtaia t wang; wang t taia; wang taia t; taia t wang; wang t taia; wang t t,wang taia; taia wangtaia t wang; wang t taia; wang taia t; taia t wang; wang t taia; wang t t,t wang; wang twang t t
"Wells, Jim",wells,james,jim,a,james a wells; wells a james; wells james a; james a wells; wells a james; wells j a,wells james; james wells; jim wells; wells jim,wells j a,j wells; wells j,j wells; wells jwells j awells james; james wells; jim wells; wells jimjames a wells; wells a james; wells james a; james a wells; wells a james; wells j a,wells james; james wells; jim wells; wells jimjames a wells; wells a james; wells james a; james a wells; wells a james; wells j a,j wells; wells jwells j a
"Xu, Ke",xu,ke,ke,nmi,xu ke; ke xu,,k xu; xu k,,k xu; xu kxu ke; ke xu,xu ke; ke xu,k xu; xu k
"Yeh, Ellen",yeh,ellen,ellen,nmi,yeh ellen; ellen yeh,,e yeh; yeh e,,e yeh; yeh eyeh ellen; ellen yeh,yeh ellen; ellen yeh,e yeh; yeh e
"Yosef, Nir",yosef,nir,nir,nmi,yosef nir; nir yosef,,n yosef; yosef n,,n yosef; yosef nyosef nir; nir yosef,yosef nir; nir yosef,n yosef; yosef n
"Zhang, Wenjun",zhang,wenjun,wenjun,nmi,zhang wenjun; wenjun zhang,,w zhang; zhang w,,w zhang; zhang wzhang wenjun; wenjun zhang,zhang wenjun; wenjun zhang,w zhang; zhang w
"Zou, James",zou,james,james,y,james y zou; zou y james; zou james y; james y zou; zou y james; zou j y,zou james; james zou,zou j y,j zou; zou j,j zou; zou jzou j yzou james; james zoujames y zou; zou y james; zou james y; james y zou; zou y james; zou j y,zou james; james zoujames y zou; zou y james; zou james y; james y zou; zou y james; zou j y,j zou; zou jzou j y
"Arnaout, Rima",arnaout,rima,rima,nmi,arnaout rima; rima arnaout,,r arnaout; arnaout r,,r arnaout; arnaout rarnaout rima; rima arnaout,arnaout rima; rima arnaout,r arnaout; arnaout r
"Ashley, Euan",ashley,euan,euan,a,euan a ashley; ashley a euan; ashley euan a; euan a ashley; ashley a euan; ashley e a,ashley euan; euan ashley,ashley e a,e ashley; ashley e,e ashley; ashley eashley e aashley euan; euan ashleyeuan a ashley; ashley a euan; ashley euan a; euan a ashley; ashley a euan; ashley e a,ashley euan; euan ashleyeuan a ashley; ashley a euan; ashley euan a; euan a ashley; ashley a euan; ashley e a,e ashley; ashley eashley e a
"Boothroyd, John",boothroyd,john,john,c,john c boothroyd; boothroyd c john; boothroyd john c; john c boothroyd; boothroyd c john; boothroyd j c,boothroyd john; john boothroyd,boothroyd j c,j boothroyd; boothroyd j,j boothroyd; boothroyd jboothroyd j cboothroyd john; john boothroydjohn c boothroyd; boothroyd c john; boothroyd john c; john c boothroyd; boothroyd c john; boothroyd j c,boothroyd john; john boothroydjohn c boothroyd; boothroyd c john; boothroyd john c; john c boothroyd; boothroyd c john; boothroyd j c,j boothroyd; boothroyd jboothroyd j c
"Brenner, Steven",brenner,steven,steven,e,steven e brenner; brenner e steven; brenner steven e; steven e brenner; brenner e steven; brenner s e,brenner steven; steven brenner,brenner s e,s brenner; brenner s,s brenner; brenner sbrenner s ebrenner steven; steven brennersteven e brenner; brenner e steven; brenner steven e; steven e brenner; brenner e steven; brenner s e,brenner steven; steven brennersteven e brenner; brenner e steven; brenner steven e; steven e brenner; brenner e steven; brenner s e,s brenner; brenner sbrenner s e
"Brown, Ben",brown,james,ben,ben,james b brown; brown b james; brown james b; james ben brown; brown ben james; brown j ben,brown james; james brown; ben brown; brown ben,brown j b,j brown; brown j,j brown; brown jbrown j bbrown james; james brown; ben brown; brown benjames b brown; brown b james; brown james b; james ben brown; brown ben james; brown j ben,brown james; james brown; ben brown; brown benjames b brown; brown b james; brown james b; james ben brown; brown ben james; brown j ben,j brown; brown jbrown j b
"Butte, Atul",butte,atul,atul,j,atul j butte; butte j atul; butte atul j; atul j butte; butte j atul; butte a j,butte atul; atul butte,butte a j,a butte; butte a,a butte; butte abutte a jbutte atul; atul butteatul j butte; butte j atul; butte atul j; atul j butte; butte j atul; butte a j,butte atul; atul butteatul j butte; butte j atul; butte atul j; atul j butte; butte j atul; butte a j,a butte; butte abutte a j
"Chiu, Wah",chiu,wah,wah,nmi,chiu wah; wah chiu,,w chiu; chiu w,,w chiu; chiu wchiu wah; wah chiu,chiu wah; wah chiu,w chiu; chiu w
"Coscoy, Laurent",coscoy,laurent,laurent,nmi,coscoy laurent; laurent coscoy,,l coscoy; coscoy l,,l coscoy; coscoy lcoscoy laurent; laurent coscoy,coscoy laurent; laurent coscoy,l coscoy; coscoy l
"Gallagher, Renata",gallagher,renata,renata,c,renata c gallagher; gallagher c renata; gallagher renata c; renata c gallagher; gallagher c renata; gallagher r c,gallagher renata; renata gallagher,gallagher r c,r gallagher; gallagher r,r gallagher; gallagher rgallagher r cgallagher renata; renata gallagherrenata c gallagher; gallagher c renata; gallagher renata c; renata c gallagher; gallagher c renata; gallagher r c,gallagher renata; renata gallagherrenata c gallagher; gallagher c renata; gallagher renata c; renata c gallagher; gallagher c renata; gallagher r c,r gallagher; gallagher rgallagher r c
"Giacomini, Kathy",giacomini,kathleen,kathy,m,kathleen m giacomini; giacomini m kathleen; giacomini kathleen m; kathleen m giacomini; giacomini m kathleen; giacomini k m,giacomini kathleen; kathleen giacomini; kathy giacomini; giacomini kathy,giacomini k m,k giacomini; giacomini k,k giacomini; giacomini kgiacomini k mgiacomini kathleen; kathleen giacomini; kathy giacomini; giacomini kathykathleen m giacomini; giacomini m kathleen; giacomini kathleen m; kathleen m giacomini; giacomini m kathleen; giacomini k m,giacomini kathleen; kathleen giacomini; kathy giacomini; giacomini kathykathleen m giacomini; giacomini m kathleen; giacomini kathleen m; kathleen m giacomini; giacomini m kathleen; giacomini k m,k giacomini; giacomini kgiacomini k m
"Halpern, Jodi",halpern,jodi,jodi,nmi,halpern jodi; jodi halpern,,j halpern; halpern j,,j halpern; halpern jhalpern jodi; jodi halpern,halpern jodi; jodi halpern,j halpern; halpern j
"Kirkegaard, Karla",kirkegaard,karla,karla,nmi,kirkegaard karla; karla kirkegaard,,k kirkegaard; kirkegaard k,,k kirkegaard; kirkegaard kkirkegaard karla; karla kirkegaard,kirkegaard karla; karla kirkegaard,k kirkegaard; kirkegaard k
"Koenig, Barbara",koenig,barbara,barbara,a,barbara a koenig; koenig a barbara; koenig barbara a; barbara a koenig; koenig a barbara; koenig b a,koenig barbara; barbara koenig,koenig b a,b koenig; koenig b,b koenig; koenig bkoenig b akoenig barbara; barbara koenigbarbara a koenig; koenig a barbara; koenig barbara a; barbara a koenig; koenig a barbara; koenig b a,koenig barbara; barbara koenigbarbara a koenig; koenig a barbara; koenig barbara a; barbara a koenig; koenig a barbara; koenig b a,b koenig; koenig bkoenig b a
"Larabell, Carolyn",larabell,carolyn,carolyn,a,carolyn a larabell; larabell a carolyn; larabell carolyn a; carolyn a larabell; larabell a carolyn; larabell c a,larabell carolyn; carolyn larabell,larabell c a,c larabell; larabell c,c larabell; larabell clarabell c alarabell carolyn; carolyn larabellcarolyn a larabell; larabell a carolyn; larabell carolyn a; carolyn a larabell; larabell a carolyn; larabell c a,larabell carolyn; carolyn larabellcarolyn a larabell; larabell a carolyn; larabell carolyn a; carolyn a larabell; larabell a carolyn; larabell c a,c larabell; larabell clarabell c a
"Le Gros, Mark",le gros,mark,mark,a,mark a le gros; le gros a mark; le gros mark a; mark a le gros; le gros a mark; le gros m a,le gros mark; mark le gros,le gros m a,m le gros; le gros m,m le gros; le gros mle gros m ale gros mark; mark le grosmark a le gros; le gros a mark; le gros mark a; mark a le gros; le gros a mark; le gros m a,le gros mark; mark le grosmark a le gros; le gros a mark; le gros mark a; mark a le gros; le gros a mark; le gros m a,m le gros; le gros mle gros m a
"Lowe, Chris",lowe,christopher,chris,j,christopher j lowe; lowe j christopher; lowe christopher j; christopher j lowe; lowe j christopher; lowe c j,lowe christopher; christopher lowe; chris lowe; lowe chris,lowe c j,c lowe; lowe c,c lowe; lowe clowe c jlowe christopher; christopher lowe; chris lowe; lowe chrischristopher j lowe; lowe j christopher; lowe christopher j; christopher j lowe; lowe j christopher; lowe c j,lowe christopher; christopher lowe; chris lowe; lowe chrischristopher j lowe; lowe j christopher; lowe christopher j; christopher j lowe; lowe j christopher; lowe c j,c lowe; lowe clowe c j
"Magnus, David",magnus,david,david,c,david c magnus; magnus c david; magnus david c; david c magnus; magnus c david; magnus d c,magnus david; david magnus,magnus d c,d magnus; magnus d,d magnus; magnus dmagnus d cmagnus david; david magnusdavid c magnus; magnus c david; magnus david c; david c magnus; magnus c david; magnus d c,magnus david; david magnusdavid c magnus; magnus c david; magnus david c; david c magnus; magnus c david; magnus d c,d magnus; magnus dmagnus d c
"Marshall, Wallace",marshall,wallace,wallace,f,wallace f marshall; marshall f wallace; marshall wallace f; wallace f marshall; marshall f wallace; marshall w f,marshall wallace; wallace marshall,marshall w f,w marshall; marshall w,w marshall; marshall wmarshall w fmarshall wallace; wallace marshallwallace f marshall; marshall f wallace; marshall wallace f; wallace f marshall; marshall f wallace; marshall w f,marshall wallace; wallace marshallwallace f marshall; marshall f wallace; marshall wallace f; wallace f marshall; marshall f wallace; marshall w f,w marshall; marshall wmarshall w f
"Moerner, WE",moerner,william,we,e,william e moerner; moerner e william; moerner william e; william e moerner; moerner e william; moerner w e,moerner william; william moerner; we moerner; moerner we,moerner w e,w moerner; moerner w,w moerner; moerner wmoerner w emoerner william; william moerner; we moerner; moerner wewilliam e moerner; moerner e william; moerner william e; william e moerner; moerner e william; moerner w e,moerner william; william moerner; we moerner; moerner wewilliam e moerner; moerner e william; moerner william e; william e moerner; moerner e william; moerner w e,w moerner; moerner wmoerner w e
"Nowakowski, Tom",nowakowski,tomasz,tom,j,tomasz j nowakowski; nowakowski j tomasz; nowakowski tomasz j; tomasz j nowakowski; nowakowski j tomasz; nowakowski t j,nowakowski tomasz; tomasz nowakowski; tom nowakowski; nowakowski tom,nowakowski t j,t nowakowski; nowakowski t,t nowakowski; nowakowski tnowakowski t jnowakowski tomasz; tomasz nowakowski; tom nowakowski; nowakowski tomtomasz j nowakowski; nowakowski j tomasz; nowakowski tomasz j; tomasz j nowakowski; nowakowski j tomasz; nowakowski t j,nowakowski tomasz; tomasz nowakowski; tom nowakowski; nowakowski tomtomasz j nowakowski; nowakowski j tomasz; nowakowski tomasz j; tomasz j nowakowski; nowakowski j tomasz; nowakowski t j,t nowakowski; nowakowski tnowakowski t j
"Ott, Melanie",ott,melanie,melanie,nmi,ott melanie; melanie ott,,m ott; ott m,,m ott; ott mott melanie; melanie ott,ott melanie; melanie ott,m ott; ott m
"Palumbi, Steve",palumbi,stephen,steve,r,stephen r palumbi; palumbi r stephen; palumbi stephen r; stephen r palumbi; palumbi r stephen; palumbi s r,palumbi stephen; stephen palumbi; steve palumbi; palumbi steve,palumbi s r,s palumbi; palumbi s,s palumbi; palumbi spalumbi s rpalumbi stephen; stephen palumbi; steve palumbi; palumbi stevestephen r palumbi; palumbi r stephen; palumbi stephen r; stephen r palumbi; palumbi r stephen; palumbi s r,palumbi stephen; stephen palumbi; steve palumbi; palumbi stevestephen r palumbi; palumbi r stephen; palumbi stephen r; stephen r palumbi; palumbi r stephen; palumbi s r,s palumbi; palumbi spalumbi s r
"Pollen, Alex",pollen,alexander,alex,a,alexander a pollen; pollen a alexander; pollen alexander a; alexander a pollen; pollen a alexander; pollen a a,pollen alexander; alexander pollen; alex pollen; pollen alex,pollen a a,a pollen; pollen a,a pollen; pollen apollen a apollen alexander; alexander pollen; alex pollen; pollen alexalexander a pollen; pollen a alexander; pollen alexander a; alexander a pollen; pollen a alexander; pollen a a,pollen alexander; alexander pollen; alex pollen; pollen alexalexander a pollen; pollen a alexander; pollen alexander a; alexander a pollen; pollen a alexander; pollen a a,a pollen; pollen apollen a a
"Priest, James",priest,james,james,rush,james r priest; priest r james; priest james r; james rush priest; priest rush james; priest j rush,priest james; james priest,priest j r,j priest; priest j,j priest; priest jpriest j rpriest james; james priestjames r priest; priest r james; priest james r; james rush priest; priest rush james; priest j rush,priest james; james priestjames r priest; priest r james; priest james r; james rush priest; priest rush james; priest j rush,j priest; priest jpriest j r
"Puck, Jennifer",puck,jennifer,jennifer,m,jennifer m puck; puck m jennifer; puck jennifer m; jennifer m puck; puck m jennifer; puck j m,puck jennifer; jennifer puck,puck j m,j puck; puck j,j puck; puck jpuck j mpuck jennifer; jennifer puckjennifer m puck; puck m jennifer; puck jennifer m; jennifer m puck; puck m jennifer; puck j m,puck jennifer; jennifer puckjennifer m puck; puck m jennifer; puck jennifer m; jennifer m puck; puck m jennifer; puck j m,j puck; puck jpuck j m
"Ré, Chris",re,christopher,chris,nmi,re christopher; christopher re; chris re; re chris,,c re; re c,,c re; re cre christopher; christopher re; chris re; re chris,re christopher; christopher re; chris re; re chris,c re; re c
"Rokhsar, Dan",rokhsar,daniel,dan,s,daniel s rokhsar; rokhsar s daniel; rokhsar daniel s; daniel s rokhsar; rokhsar s daniel; rokhsar d s,rokhsar daniel; daniel rokhsar; dan rokhsar; rokhsar dan,rokhsar d s,d rokhsar; rokhsar d,d rokhsar; rokhsar drokhsar d srokhsar daniel; daniel rokhsar; dan rokhsar; rokhsar dandaniel s rokhsar; rokhsar s daniel; rokhsar daniel s; daniel s rokhsar; rokhsar s daniel; rokhsar d s,rokhsar daniel; daniel rokhsar; dan rokhsar; rokhsar dandaniel s rokhsar; rokhsar s daniel; rokhsar daniel s; daniel s rokhsar; rokhsar s daniel; rokhsar d s,d rokhsar; rokhsar drokhsar d s
"Sarnow, Peter",sarnow,peter,peter,nmi,sarnow peter; peter sarnow,,p sarnow; sarnow p,,p sarnow; sarnow psarnow peter; peter sarnow,sarnow peter; peter sarnow,p sarnow; sarnow p
"Schaffer, Dave",schaffer,david,dave,v,david v schaffer; schaffer v david; schaffer david v; david v schaffer; schaffer v david; schaffer d v,schaffer david; david schaffer; dave schaffer; schaffer dave,schaffer d v,d schaffer; schaffer d,d schaffer; schaffer dschaffer d vschaffer david; david schaffer; dave schaffer; schaffer davedavid v schaffer; schaffer v david; schaffer david v; david v schaffer; schaffer v david; schaffer d v,schaffer david; david schaffer; dave schaffer; schaffer davedavid v schaffer; schaffer v david; schaffer david v; david v schaffer; schaffer v david; schaffer d v,d schaffer; schaffer dschaffer d v
"Sethian, Jamie",sethian,james,jamie,a,james a sethian; sethian a james; sethian james a; james a sethian; sethian a james; sethian j a,sethian james; james sethian; jamie sethian; sethian jamie,sethian j a,j sethian; sethian j,j sethian; sethian jsethian j asethian james; james sethian; jamie sethian; sethian jamiejames a sethian; sethian a james; sethian james a; james a sethian; sethian a james; sethian j a,sethian james; james sethian; jamie sethian; sethian jamiejames a sethian; sethian a james; sethian james a; james a sethian; sethian a james; sethian j a,j sethian; sethian jsethian j a
"Srivastava, Deepak",srivastava,deepak,deepak,nmi,srivastava deepak; deepak srivastava,,d srivastava; srivastava d,,d srivastava; srivastava dsrivastava deepak; deepak srivastava,srivastava deepak; deepak srivastava,d srivastava; srivastava d
"Voskoboynik, Ayelet",voskoboynik,ayelet,ayelet,nmi,voskoboynik ayelet; ayelet voskoboynik,,a voskoboynik; voskoboynik a,,a voskoboynik; voskoboynik avoskoboynik ayelet; ayelet voskoboynik,voskoboynik ayelet; ayelet voskoboynik,a voskoboynik; voskoboynik a
"Weissman, Irv",weissman,irving,irv,l,irving l weissman; weissman l irving; weissman irving l; irving l weissman; weissman l irving; weissman i l,weissman irving; irving weissman; irv weissman; weissman irv,weissman i l,i weissman; weissman i,i weissman; weissman iweissman i lweissman irving; irving weissman; irv weissman; weissman irvirving l weissman; weissman l irving; weissman irving l; irving l weissman; weissman l irving; weissman i l,weissman irving; irving weissman; irv weissman; weissman irvirving l weissman; weissman l irving; weissman irving l; irving l weissman; weissman l irving; weissman i l,i weissman; weissman iweissman i l
"Ye, Jimmie",ye,chun,jimmie,jimmie,chun j ye; ye j chun; ye chun j; chun jimmie ye; ye jimmie chun; ye c jimmie,ye chun; chun ye; jimmie ye; ye jimmie,ye c j,c ye; ye c,c ye; ye cye c jye chun; chun ye; jimmie ye; ye jimmiechun j ye; ye j chun; ye chun j; chun jimmie ye; ye jimmie chun; ye c jimmie,ye chun; chun ye; jimmie ye; ye jimmiechun j ye; ye j chun; ye chun j; chun jimmie ye; ye jimmie chun; ye c jimmie,c ye; ye cye c j
"Yu, Bin",yu,bin,bin,nmi,yu bin; bin yu,,b yu; yu b,,b yu; yu byu bin; bin yu,yu bin; bin yu,b yu; yu b
"DeRisi, Joe",derisi,joseph,joe,l,joseph l derisi; derisi l joseph; derisi joseph l; joseph l derisi; derisi l joseph; derisi j l,derisi joseph; joseph derisi; joe derisi; derisi joe,derisi j l,j derisi; derisi j,j derisi; derisi jderisi j lderisi joseph; joseph derisi; joe derisi; derisi joejoseph l derisi; derisi l joseph; derisi joseph l; joseph l derisi; derisi l joseph; derisi j l,derisi joseph; joseph derisi; joe derisi; derisi joejoseph l derisi; derisi l joseph; derisi joseph l; joseph l derisi; derisi l joseph; derisi j l,j derisi; derisi jderisi j l
"Quake, Steve",quake,stephen,steve,r,stephen r quake; quake r stephen; quake stephen r; stephen r quake; quake r stephen; quake s r,quake stephen; stephen quake; steve quake; quake steve,quake s r,s quake; quake s,s quake; quake squake s rquake stephen; stephen quake; steve quake; quake stevestephen r quake; quake r stephen; quake stephen r; stephen r quake; quake r stephen; quake s r,quake stephen; stephen quake; steve quake; quake stevestephen r quake; quake r stephen; quake stephen r; stephen r quake; quake r stephen; quake s r,s quake; quake squake s r
"Altman, Russ",altman,russ,russ,biagio,russ b altman; altman b russ; altman russ b; russ biagio altman; altman biagio russ; altman r biagio,altman russ; russ altman,altman r b,r altman; altman r,r altman; altman raltman r baltman russ; russ altmanruss b altman; altman b russ; altman russ b; russ biagio altman; altman biagio russ; altman r biagio,altman russ; russ altmanruss b altman; altman b russ; altman russ b; russ biagio altman; altman biagio russ; altman r biagio,r altman; altman raltman r b
"Kim, Peter",kim,peter,peter,s,peter s kim; kim s peter; kim peter s; peter s kim; kim s peter; kim p s,kim peter; peter kim,kim p s,p kim; kim p,p kim; kim pkim p skim peter; peter kimpeter s kim; kim s peter; kim peter s; peter s kim; kim s peter; kim p s,kim peter; peter kimpeter s kim; kim s peter; kim peter s; peter s kim; kim s peter; kim p s,p kim; kim pkim p s
"Fischbach, Michael",fischbach,michael,michael,andrew,michael a fischbach; fischbach a michael; fischbach michael a; michael andrew fischbach; fischbach andrew michael; fischbach m andrew,fischbach michael; michael fischbach,fischbach m a,m fischbach; fischbach m,m fischbach; fischbach mfischbach m afischbach michael; michael fischbachmichael a fischbach; fischbach a michael; fischbach michael a; michael andrew fischbach; fischbach andrew michael; fischbach m andrew,fischbach michael; michael fischbachmichael a fischbach; fischbach a michael; fischbach michael a; michael andrew fischbach; fischbach andrew michael; fischbach m andrew,m fischbach; fischbach mfischbach m a
"Huang, KC",huang,kerwyn,kc,casey,kerwyn c huang; huang c kerwyn; huang kerwyn c; kerwyn casey huang; huang casey kerwyn; huang k casey,huang kerwyn; kerwyn huang; kc huang; huang kc,huang k c,k huang; huang k,k huang; huang khuang k chuang kerwyn; kerwyn huang; kc huang; huang kckerwyn c huang; huang c kerwyn; huang kerwyn c; kerwyn casey huang; huang casey kerwyn; huang k casey,huang kerwyn; kerwyn huang; kc huang; huang kckerwyn c huang; huang c kerwyn; huang kerwyn c; kerwyn casey huang; huang casey kerwyn; huang k casey,k huang; huang khuang k c
"Johnson, Sandy",johnson,alexander,sandy,d,alexander d johnson; johnson d alexander; johnson alexander d; alexander d johnson; johnson d alexander; johnson a d,johnson alexander; alexander johnson; sandy johnson; johnson sandy,johnson a d,a johnson; johnson a,a johnson; johnson ajohnson a djohnson alexander; alexander johnson; sandy johnson; johnson sandyalexander d johnson; johnson d alexander; johnson alexander d; alexander d johnson; johnson d alexander; johnson a d,johnson alexander; alexander johnson; sandy johnson; johnson sandyalexander d johnson; johnson d alexander; johnson alexander d; alexander d johnson; johnson d alexander; johnson a d,a johnson; johnson ajohnson a d
"Relman, David",relman,david,david,a,david a relman; relman a david; relman david a; david a relman; relman a david; relman d a,relman david; david relman,relman d a,d relman; relman d,d relman; relman drelman d arelman david; david relmandavid a relman; relman a david; relman david a; david a relman; relman a david; relman d a,relman david; david relmandavid a relman; relman a david; relman david a; david a relman; relman a david; relman d a,d relman; relman drelman d a
"Sonnenburg, Justin",sonnenburg,justin,justin,laine,justin l sonnenburg; sonnenburg l justin; sonnenburg justin l; justin laine sonnenburg; sonnenburg laine justin; sonnenburg j laine,sonnenburg justin; justin sonnenburg,sonnenburg j l,j sonnenburg; sonnenburg j,j sonnenburg; sonnenburg jsonnenburg j lsonnenburg justin; justin sonnenburgjustin l sonnenburg; sonnenburg l justin; sonnenburg justin l; justin laine sonnenburg; sonnenburg laine justin; sonnenburg j laine,sonnenburg justin; justin sonnenburgjustin l sonnenburg; sonnenburg l justin; sonnenburg justin l; justin laine sonnenburg; sonnenburg laine justin; sonnenburg j laine,j sonnenburg; sonnenburg jsonnenburg j l
"Turnbaugh, Peter",turnbaugh,peter,peter,james,peter j turnbaugh; turnbaugh j peter; turnbaugh peter j; peter james turnbaugh; turnbaugh james peter; turnbaugh p james,turnbaugh peter; peter turnbaugh,turnbaugh p j,p turnbaugh; turnbaugh p,p turnbaugh; turnbaugh pturnbaugh p jturnbaugh peter; peter turnbaughpeter j turnbaugh; turnbaugh j peter; turnbaugh peter j; peter james turnbaugh; turnbaugh james peter; turnbaugh p james,turnbaugh peter; peter turnbaughpeter j turnbaugh; turnbaugh j peter; turnbaugh peter j; peter james turnbaugh; turnbaugh james peter; turnbaugh p james,p turnbaugh; turnbaugh pturnbaugh p j
"Elias, Josh",elias,joshua,josh,eric,joshua e elias; elias e joshua; elias joshua e; joshua eric elias; elias eric joshua; elias j eric,elias joshua; joshua elias; josh elias; elias josh,elias j e,j elias; elias j,j elias; elias jelias j eelias joshua; joshua elias; josh elias; elias joshjoshua e elias; elias e joshua; elias joshua e; joshua eric elias; elias eric joshua; elias j eric,elias joshua; joshua elias; josh elias; elias joshjoshua e elias; elias e joshua; elias joshua e; joshua eric elias; elias eric joshua; elias j eric,j elias; elias jelias j e
"Cohn, Lillie",cohn,lillian,lillie,b,lillian b cohn; cohn b lillian; cohn lillian b; lillian b cohn; cohn b lillian; cohn l b,cohn lillian; lillian cohn; lillie cohn; cohn lillie,cohn l b,l cohn; cohn l,l cohn; cohn lcohn l bcohn lillian; lillian cohn; lillie cohn; cohn lillielillian b cohn; cohn b lillian; cohn lillian b; lillian b cohn; cohn b lillian; cohn l b,cohn lillian; lillian cohn; lillie cohn; cohn lillielillian b cohn; cohn b lillian; cohn lillian b; lillian b cohn; cohn b lillian; cohn l b,l cohn; cohn lcohn l b
"Crawford, Emily",crawford,emily,emily,d,emily d crawford; crawford d emily; crawford emily d; emily d crawford; crawford d emily; crawford e d,crawford emily; emily crawford,crawford e d,e crawford; crawford e,e crawford; crawford ecrawford e dcrawford emily; emily crawfordemily d crawford; crawford d emily; crawford emily d; emily d crawford; crawford d emily; crawford e d,crawford emily; emily crawfordemily d crawford; crawford d emily; crawford emily d; emily d crawford; crawford d emily; crawford e d,e crawford; crawford ecrawford e d
"Darmanis, Spyros",darmanis,spyros,spyros,nmi,darmanis spyros; spyros darmanis,,s darmanis; darmanis s,,s darmanis; darmanis sdarmanis spyros; spyros darmanis,darmanis spyros; spyros darmanis,s darmanis; darmanis s
"Gómez-Sjöberg, Rafael",gomez-sjoberg,rafael,rafael,nmi,gomez-sjoberg rafael; rafael gomez-sjoberg,,r gomez-sjoberg; gomez-sjoberg r,,r gomez-sjoberg; gomez-sjoberg rgomez-sjoberg rafael; rafael gomez-sjoberg,gomez-sjoberg rafael; rafael gomez-sjoberg,r gomez-sjoberg; gomez-sjoberg r
"Huber, Greg",huber,greg,greg,nmi,huber greg; greg huber,,g huber; huber g,,g huber; huber ghuber greg; greg huber,huber greg; greg huber,g huber; huber g
"Itzhak, Dan",itzhak,daniel,dan,n,daniel n itzhak; itzhak n daniel; itzhak daniel n; daniel n itzhak; itzhak n daniel; itzhak d n,itzhak daniel; daniel itzhak; dan itzhak; itzhak dan,itzhak d n,d itzhak; itzhak d,d itzhak; itzhak ditzhak d nitzhak daniel; daniel itzhak; dan itzhak; itzhak dandaniel n itzhak; itzhak n daniel; itzhak daniel n; daniel n itzhak; itzhak n daniel; itzhak d n,itzhak daniel; daniel itzhak; dan itzhak; itzhak dandaniel n itzhak; itzhak n daniel; itzhak daniel n; daniel n itzhak; itzhak n daniel; itzhak d n,d itzhak; itzhak ditzhak d n
"Karkanias, Jim",karkanias,jim,jim,nmi,karkanias jim; jim karkanias,,j karkanias; karkanias j,,j karkanias; karkanias jkarkanias jim; jim karkanias,karkanias jim; jim karkanias,j karkanias; karkanias j
"Kistler, Amy",kistler,amy,amy,l,amy l kistler; kistler l amy; kistler amy l; amy l kistler; kistler l amy; kistler a l,kistler amy; amy kistler,kistler a l,a kistler; kistler a,a kistler; kistler akistler a lkistler amy; amy kistleramy l kistler; kistler l amy; kistler amy l; amy l kistler; kistler l amy; kistler a l,kistler amy; amy kistleramy l kistler; kistler l amy; kistler amy l; amy l kistler; kistler l amy; kistler a l,a kistler; kistler akistler a l
"Leonetti, Manu",leonetti,manuel,manu,d,manuel d leonetti; leonetti d manuel; leonetti manuel d; manuel d leonetti; leonetti d manuel; leonetti m d,leonetti manuel; manuel leonetti; manu leonetti; leonetti manu,leonetti m d,m leonetti; leonetti m,m leonetti; leonetti mleonetti m dleonetti manuel; manuel leonetti; manu leonetti; leonetti manumanuel d leonetti; leonetti d manuel; leonetti manuel d; manuel d leonetti; leonetti d manuel; leonetti m d,leonetti manuel; manuel leonetti; manu leonetti; leonetti manumanuel d leonetti; leonetti d manuel; leonetti manuel d; manuel d leonetti; leonetti d manuel; leonetti m d,m leonetti; leonetti mleonetti m d
"McCutcheon, Krista",mccutcheon,krista,krista,m,krista m mccutcheon; mccutcheon m krista; mccutcheon krista m; krista m mccutcheon; mccutcheon m krista; mccutcheon k m,mccutcheon krista; krista mccutcheon,mccutcheon k m,k mccutcheon; mccutcheon k,k mccutcheon; mccutcheon kmccutcheon k mmccutcheon krista; krista mccutcheonkrista m mccutcheon; mccutcheon m krista; mccutcheon krista m; krista m mccutcheon; mccutcheon m krista; mccutcheon k m,mccutcheon krista; krista mccutcheonkrista m mccutcheon; mccutcheon m krista; mccutcheon krista m; krista m mccutcheon; mccutcheon m krista; mccutcheon k m,k mccutcheon; mccutcheon kmccutcheon k m
"Mehta, Shalin",mehta,shalin,shalin,b,shalin b mehta; mehta b shalin; mehta shalin b; shalin b mehta; mehta b shalin; mehta s b,mehta shalin; shalin mehta,mehta s b,s mehta; mehta s,s mehta; mehta smehta s bmehta shalin; shalin mehtashalin b mehta; mehta b shalin; mehta shalin b; shalin b mehta; mehta b shalin; mehta s b,mehta shalin; shalin mehtashalin b mehta; mehta b shalin; mehta shalin b; shalin b mehta; mehta b shalin; mehta s b,s mehta; mehta smehta s b
"Neff, Norma",neff,norma,norma,f,norma f neff; neff f norma; neff norma f; norma f neff; neff f norma; neff n f,neff norma; norma neff,neff n f,n neff; neff n,n neff; neff nneff n fneff norma; norma neffnorma f neff; neff f norma; neff norma f; norma f neff; neff f norma; neff n f,neff norma; norma neffnorma f neff; neff f norma; neff norma f; norma f neff; neff f norma; neff n f,n neff; neff nneff n f
"Pak, John",pak,john,john,e,john e pak; pak e john; pak john e; john e pak; pak e john; pak j e,pak john; john pak,pak j e,j pak; pak j,j pak; pak jpak j epak john; john pakjohn e pak; pak e john; pak john e; john e pak; pak e john; pak j e,pak john; john pakjohn e pak; pak e john; pak john e; john e pak; pak e john; pak j e,j pak; pak jpak j e
"Puschnik, Andreas",puschnik,andreas,andreas,s,andreas s puschnik; puschnik s andreas; puschnik andreas s; andreas s puschnik; puschnik s andreas; puschnik a s,puschnik andreas; andreas puschnik,puschnik a s,a puschnik; puschnik a,a puschnik; puschnik apuschnik a spuschnik andreas; andreas puschnikandreas s puschnik; puschnik s andreas; puschnik andreas s; andreas s puschnik; puschnik s andreas; puschnik a s,puschnik andreas; andreas puschnikandreas s puschnik; puschnik s andreas; puschnik andreas s; andreas s puschnik; puschnik s andreas; puschnik a s,a puschnik; puschnik apuschnik a s
"Royer, Loïc",royer,loic,loic,alain,loic a royer; royer a loic; royer loic a; loic alain royer; royer alain loic; royer l alain,royer loic; loic royer,royer l a,l royer; royer l,l royer; royer lroyer l aroyer loic; loic royerloic a royer; royer a loic; royer loic a; loic alain royer; royer alain loic; royer l alain,royer loic; loic royerloic a royer; royer a loic; royer loic a; loic alain royer; royer alain loic; royer l alain,l royer; royer lroyer l a
"Tato, Cristina",tato,cristina,cristina,m,cristina m tato; tato m cristina; tato cristina m; cristina m tato; tato m cristina; tato c m,tato cristina; cristina tato,tato c m,c tato; tato c,c tato; tato ctato c mtato cristina; cristina tatocristina m tato; tato m cristina; tato cristina m; cristina m tato; tato m cristina; tato c m,tato cristina; cristina tatocristina m tato; tato m cristina; tato cristina m; cristina m tato; tato m cristina; tato c m,c tato; tato ctato c m
"Goo, Leslie",goo,leslie,leslie,nmi,goo leslie; leslie goo,,l goo; goo l,,l goo; goo lgoo leslie; leslie goo,goo leslie; leslie goo,l goo; goo l
"May, Andy",may,andrew,andy,p,andrew p may; may p andrew; may andrew p; andrew p may; may p andrew; may a p,may andrew; andrew may; andy may; may andy,may a p,a may; may a,a may; may amay a pmay andrew; andrew may; andy may; may andyandrew p may; may p andrew; may andrew p; andrew p may; may p andrew; may a p,may andrew; andrew may; andy may; may andyandrew p may; may p andrew; may andrew p; andrew p may; may p andrew; may a p,a may; may amay a p
"Pisco, Angela",pisco,angela,angela,oliveira,angela o pisco; pisco o angela; pisco angela o; angela oliveira pisco; pisco oliveira angela; pisco a oliveira,pisco angela; angela pisco,pisco a o,a pisco; pisco a,a pisco; pisco apisco a opisco angela; angela piscoangela o pisco; pisco o angela; pisco angela o; angela oliveira pisco; pisco oliveira angela; pisco a oliveira,pisco angela; angela piscoangela o pisco; pisco o angela; pisco angela o; angela oliveira pisco; pisco oliveira angela; pisco a oliveira,a pisco; pisco apisco a o
"Batson, Josh",batson,josh,joshua,nmi,batson josh; josh batson; joshua batson; batson joshua,,j batson; batson j,,j batson; batson jbatson josh; josh batson; joshua batson; batson joshua,batson josh; josh batson; joshua batson; batson joshua,j batson; batson j
"McGeever, Aaron",mcgeever,aaron,aaron,nmi,mcgeever aaron; aaron mcgeever,,a mcgeever; mcgeever a,,a mcgeever; mcgeever amcgeever aaron; aaron mcgeever,mcgeever aaron; aaron mcgeever,a mcgeever; mcgeever a
"Dynerman, David",dynerman,david,david,nmi,dynerman david; david dynerman,,d dynerman; dynerman d,,d dynerman; dynerman ddynerman david; david dynerman,dynerman david; david dynerman,d dynerman; dynerman d
"Li, Lucy",li,lucy,lucy,m,lucy m li; li m lucy; li lucy m; lucy m li; li m lucy; li l m,li lucy; lucy li,li l m,l li; li l,l li; li lli l mli lucy; lucy lilucy m li; li m lucy; li lucy m; lucy m li; li m lucy; li l m,li lucy; lucy lilucy m li; li m lucy; li lucy m; lucy m li; li m lucy; li l m,l li; li lli l m
"Lebel, Paul",lebel,paul,paul,nmi,lebel paul; paul lebel,,p lebel; lebel p,,p lebel; lebel plebel paul; paul lebel,lebel paul; paul lebel,p lebel; lebel p
"Wong, Joan",wong,joan,joan,nmi,wong joan; joan wong,,j wong; wong j,,j wong; wong jwong joan; joan wong,wong joan; joan wong,j wong; wong j
"Morri, Maurizio",morri,maurizio,maurizio,nmi,morri maurizio; maurizio morri,,m morri; morri m,,m morri; morri mmorri maurizio; maurizio morri,morri maurizio; maurizio morri,m morri; morri m
